Run,Hexacontroller,PRBS_data_eTx0,PRBS_data_eTx1,PRBS_data_eTx2,PRBS_data_eTx3,PRBS_data_eTx4,PRBS_data_eTx5,BitDiff_eRx0,BitDiff_eRx1,BitDiff_eRx2,BitDiff_eRx3,BitDiff_eRx4,BitDiff_eRx5,nBitsDiff
17_PRBS,42,01000111100100010110011101010011,01000111100100010110001001010011,01000111100100010110011101010011,01000111100100010110011101010011,01000111100100010110011101010011,01000111100100010110011101010011,00000000000000000000000000000000,00000000000000000000010100000000,00000000000000000000000000000000,00000000000000000000000000000000,00000000000000000000000000000000,00000000000000000000000000000000,2
17_PRBS,42,01101111011000110100101110111001,01101111011000110100101110111001,01101111011000110100101110111001,01101111011000110100101110111001,01101111011000110100101110101001,01101111011000110100101110111001,00000000000000000000000000000000,00000000000000000000000000000000,00000000000000000000000000000000,00000000000000000000000000000000,00000000000000000000000000010000,00000000000000000000000000000000,1
17_PRBS,42,01100011010010111011100100010101,01100011010010111011100110010101,01100011010010111011100110010101,01100011010010111011100110010101,01100011010010111011100110010101,01100011010010111011100110010101,00000000000000000000000010000000,00000000000000000000000000000000,00000000000000000000000000000000,00000000000000000000000000000000,00000000000000000000000000000000,00000000000000000000000000000000,1
17_PRBS,42,10010011011010110111101100011010,10010011011010110111101100011010,10010011011010110111101100011010,10010011011010110111101100011010,10010011011010110111101101011010,10010011011010110111101100011010,00000000000000000000000000000000,00000000000000000000000000000000,00000000000000000000000000000000,00000000000000000000000000000000,00000000000000000000000001000000,00000000000000000000000000000000,1
17_PRBS,42,00111100100010111011101010011111,00111100100010110011101010011111,00111100100010110011101010011111,00111100100010110011101010011111,00111100100010110011101010011111,00111100100010110011101010011111,00000000000000001000000000000000,00000000000000000000000000000000,00000000000000000000000000000000,00000000000000000000000000000000,00000000000000000000000000000000,00000000000000000000000000000000,1
17_PRBS,42,01010011111010000111000100100110,01010011111010000111000100100110,01010011111010000111000100100110,01010011111010000111000100100110,01010011111010000111100100100110,01010011111010000111000100100110,00000000000000000000000000000000,00000000000000000000000000000000,00000000000000000000000000000000,00000000000000000000000000000000,00000000000000000000100000000000,00000000000000000000000000000000,1
17_PRBS,42,10111011100110010101011111110000,10111011100110010101011111110000,10111011100110010101011111110000,10111011100110010101011111110000,10111011100110010101011111110000,10111011100110010101011111110100,00000000000000000000000000000000,00000000000000000000000000000000,00000000000000000000000000000000,00000000000000000000000000000000,00000000000000000000000000000000,00000000000000000000000000000100,1
17_PRBS,42,01100101010111111100000010000011,01100101010111111100000010000011,01100101010111110100000010000011,01100101010111111100000010000011,01100101010111111100000010000011,01100101010111111100000010000011,00000000000000000000000000000000,00000000000000000000000000000000,00000000000000001000000000000000,00000000000000000000000000000000,00000000000000000000000000000000,00000000000000000000000000000000,1
17_PRBS,42,11101000011100010010011011010110,11101000011100010010011011010110,11101000011100010010011011010110,11101000011100010010011011010110,11101000011110010010011011010110,11101000011100010010011011010110,00000000000000000000000000000000,00000000000000000000000000000000,00000000000000000000000000000000,00000000000000000000000000000000,00000000000010000000000000000000,00000000000000000000000000000000,1
18_PRBS,42,00101000111100100010111011101010,00101000111100100010110011101010,00101000111100100010110011101010,00101000111100100010110011101010,00101000111100100010110011101010,00101000111100100010110011101010,00000000000000000000001000000000,00000000000000000000000000000000,00000000000000000000000000000000,00000000000000000000000000000000,00000000000000000000000000000000,00000000000000000000000000000000,1
18_PRBS,42,10100111110100001110001001001101,10100111110100001110001001001101,10100111110100001110001001001001,10100111110100001110001001001101,10100111110100001110001001001101,10100111110100001110001001001101,00000000000000000000000000000000,00000000000000000000000000000000,00000000000000000000000000000100,00000000000000000000000000000000,00000000000000000000000000000000,00000000000000000000000000000000,1
18_PRBS,42,01101111011000110100101110111001,01101111011000110100101110111001,01101111011000100100101110111001,01101111011000110100101110111001,01101111011000110100101110111001,01101111011000110100101110111001,00000000000000000000000000000000,00000000000000000000000000000000,00000000000000010000000000000000,00000000000000000000000000000000,00000000000000000000000000000000,00000000000000000000000000000000,1
18_PRBS,42,10000011000010100011110010001011,10000011000010100011110010001011,10000011000010100011110010001011,10000011000010100011110000001011,10000011000010100011110010001011,10000011000010100011110010001011,00000000000000000000000000000000,00000000000000000000000000000000,00000000000000000000000000000000,00000000000000000000000010000000,00000000000000000000000000000000,00000000000000000000000000000000,1
18_PRBS,42,00101010111111100000010000011000,00101010111111100000010000011000,00101010110111100000010000011000,00101010111111100000010000011000,00101010111111100000010000011000,00101010111111100000010000011000,00000000000000000000000000000000,00000000000000000000000000000000,00000000001000000000000000000000,00000000000000000000000000000000,00000000000000000000000000000000,00000000000000000000000000000000,1
18_PRBS,42,01100101010111111100000010000011,01100101010111111100000010000011,01100101010111111100000010000011,01100101010111111100000010001011,01100101010111111100000010000011,01100101010111111100000010000011,00000000000000000000000000000000,00000000000000000000000000000000,00000000000000000000000000000000,00000000000000000000000000001000,00000000000000000000000000000000,00000000000000000000000000000000,1
18_PRBS,42,10101001111101000111100010010011,10101001111101000011100010010011,10101001111101000011100010010011,10101001111101000011100010010011,10101001111101000011100010010011,10101001111101000011100010010011,00000000000000000100000000000000,00000000000000000000000000000000,00000000000000000000000000000000,00000000000000000000000000000000,00000000000000000000000000000000,00000000000000000000000000000000,1
18_PRBS,42,00001110001001001101101011011110,00001110001001001101101011011110,00001110001001001101101011011110,00001110001001001101101011011110,00101110001001001101101011011110,00001110001001001101101011011110,00000000000000000000000000000000,00000000000000000000000000000000,00000000000000000000000000000000,00000000000000000000000000000000,00100000000000000000000000000000,00000000000000000000000000000000,1
18_PRBS,42,10101011111110000001000000100001,10101011111110000001000001100001,10101011111110000001000001100001,10101011111110000001000001100001,10101011111110000001000001100001,10101011111110000001000001100001,00000000000000000000000001000000,00000000000000000000000000000000,00000000000000000000000000000000,00000000000000000000000000000000,00000000000000000000000000000000,00000000000000000000000000000000,1
18_PRBS,42,10000111000100100110110101101111,10000111000100110110110101101111,10000111000100100110110101101111,10000111000100100110110101101111,10000111000100100110110101101111,10000111000100100110110101101111,00000000000000000000000000000000,00000000000000010000000000000000,00000000000000000000000000000000,00000000000000000000000000000000,00000000000000000000000000000000,00000000000000000000000000000000,1
18_PRBS,42,01010011111010000111000100100110,01010011111010000111000100100110,01010011111010000111000100100110,01010011111010000111000100100110,01010011111010000111000100110110,01010011111010000111000100100110,00000000000000000000000000000000,00000000000000000000000000000000,00000000000000000000000000000000,00000000000000000000000000000000,00000000000000000000000000010000,00000000000000000000000000000000,1
19_PRBS,42,10010001011001110101001110101000,10010001011001110101001111101000,10010001011001110101001111101000,10010001011001110101001111101000,10010001011001110101001111101000,10010001011001110101001111101000,00000000000000000000000001000000,00000000000000000000000000000000,00000000000000000000000000000000,00000000000000000000000000000000,00000000000000000000000000000000,00000000000000000000000000000000,1
19_PRBS,42,01010011111010000111000100100110,01010011111010000111000100100110,01010011111010000111000100100110,01010011111010000111000100000110,01010011111010000111000100100110,01010011111010000111000100100110,00000000000000000000000000000000,00000000000000000000000000000000,00000000000000000000000000000000,00000000000000000000000000100000,00000000000000000000000000000000,00000000000000000000000000000000,1
19_PRBS,42,10011001010101111111000000100000,10011001010101111111000000100000,10011001010101111111000000100000,10011001010101111111000000100000,10011001010101111111000001110000,10011001010101111111000000100000,00000000000000000000000000000000,00000000000000000000000000000000,00000000000000000000000000000000,00000000000000000000000000000000,00000000000000000000000001010000,00000000000000000000000000000000,2
19_PRBS,42,00110000101000111100100010110011,00110000101000111100100010110011,00110000101000111100100010110011,00110000101000111100100010110011,00110000101000111100100010110011,00110000101000111100100110110011,00000000000000000000000000000000,00000000000000000000000000000000,00000000000000000000000000000000,00000000000000000000000000000000,00000000000000000000000000000000,00000000000000000000000100000000,1
19_PRBS,42,00011100010010011011010110111101,00011100010010011011010110111101,00011100010010011011010110111101,00011100010010011011010110111101,00011100010010011011010110111101,00011100010010011011011110111101,00000000000000000000000000000000,00000000000000000000000000000000,00000000000000000000000000000000,00000000000000000000000000000000,00000000000000000000000000000000,00000000000000000000001000000000,1
19_PRBS,42,00111010100111110100001110001001,00111010100111110100001110001001,00111010100111110100101110001001,00111010100111110100001110001001,00111010100111110100001110001001,00111010100111110100001110001001,00000000000000000000000000000000,00000000000000000000000000000000,00000000000000000000100000000000,00000000000000000000000000000000,00000000000000000000000000000000,00000000000000000000000000000000,1
19_PRBS,42,01001011101110011001010101111111,01001011101110011001010101111111,01001011101110011001010101111111,01001011101110011001010101111111,01001011100110011001010101111111,01001011101110011001010101111111,00000000000000000000000000000000,00000000000000000000000000000000,00000000000000000000000000000000,00000000000000000000000000000000,00000000001000000000000000000000,00000000000000000000000000000000,1
19_PRBS,42,11001100101010111111100000010000,11001100101010111111100000010000,11001100101010111111100000010000,11001100101010111111100000010000,11001101101010111111100000010000,11001100101010111111100000010000,00000000000000000000000000000000,00000000000000000000000000000000,00000000000000000000000000000000,00000000000000000000000000000000,00000001000000000000000000000000,00000000000000000000000000000000,1
19_PRBS,42,00100100110110101101111011000110,00100100110110101101111011000110,00100100110110100101111011000110,00100100110110101101111011000110,00100100110110101101111011000110,00100100110110101101111011000110,00000000000000000000000000000000,00000000000000000000000000000000,00000000000000001000000000000000,00000000000000000000000000000000,00000000000000000000000000000000,00000000000000000000000000000000,1
19_PRBS,42,11110010001011001110101001111101,11110010001011001110101001111101,11110010001011001110101001111101,11110010001011001110101001111101,11110010001001001110101001111101,11110010001011001110101001111101,00000000000000000000000000000000,00000000000000000000000000000000,00000000000000000000000000000000,00000000000000000000000000000000,00000000000010000000000000000000,00000000000000000000000000000000,1
19_PRBS,42,10001111001000101100111010100111,10001111001000101100111010100111,10001111001000101100111010100111,10001111001000101100111010100111,10001011001000101100111010100111,10001111001000101100111010100111,00000000000000000000000000000000,00000000000000000000000000000000,00000000000000000000000000000000,00000000000000000000000000000000,00000100000000000000000000000000,00000000000000000000000000000000,1
19_PRBS,42,00001010001111001000101100111010,00001010001111001000101100111010,00001010001111001000101100111010,10001010001111001000101100111010,00001010001111001000101100111010,00001010001111001000101100111010,00000000000000000000000000000000,00000000000000000000000000000000,00000000000000000000000000000000,10000000000000000000000000000000,00000000000000000000000000000000,00000000000000000000000000000000,1
19_PRBS,42,01101111011000110100101110111001,01101111011000110100101110111001,01101111011000110100101110111001,01101110011000110100101110111001,01101111011000110100101110111001,01101111011000110100101110111001,00000000000000000000000000000000,00000000000000000000000000000000,00000000000000000000000000000000,00000001000000000000000000000000,00000000000000000000000000000000,00000000000000000000000000000000,1
19_PRBS,42,01101011011110110001101001001101,01101011011110110001101001011101,01101011011110110001101001011101,01101011011110110001101001011101,01101011011110110001101001011101,01101011011110110001101001011101,00000000000000000000000000010000,00000000000000000000000000000000,00000000000000000000000000000000,00000000000000000000000000000000,00000000000000000000000000000000,00000000000000000000000000000000,1
22_PRBS,42,10101111111000000100000110000101,10101111111000000100000110000101,10101111111000000100000110000101,10101111111000000100000110000101,10101111111000000000000110000101,10101111111000000100000110000101,00000000000000000000000000000000,00000000000000000000000000000000,00000000000000000000000000000000,00000000000000000000000000000000,00000000000000000100000000000000,00000000000000000000000000000000,1
22_PRBS,42,11000110100101110111001100101010,11000110100101110111001100101010,11000110100101110111001100101010,11000110100101110111001100101010,11000110100101110111001100101010,11000110100100110111001100101010,00000000000000000000000000000000,00000000000000000000000000000000,00000000000000000000000000000000,00000000000000000000000000000000,00000000000000000000000000000000,00000000000001000000000000000000,1
17_PRBS,43,00011110010001011001110101001111,00011110010001011001110101011111,00011110010001011001110101001111,00011110010001011001110101001111,00011110010001011001110101001111,00011110010001011001110101001111,00000000000000000000000000000000,00000000000000000000000000010000,00000000000000000000000000000000,00000000000000000000000000000000,00000000000000000000000000000000,00000000000000000000000000000000,1
17_PRBS,43,10110111101100011010010111011100,10110111101100011010010111011100,10110111101100011010010111011100,10110111101100011010010111011100,10110111101100011010010111011100,10111111101100011010010111011100,00000000000000000000000000000000,00000000000000000000000000000000,00000000000000000000000000000000,00000000000000000000000000000000,00000000000000000000000000000000,00001000000000000000000000000000,1
17_PRBS,43,11101010011111010000111000100100,11101010011111010000111000100100,11101010011111010000111000100100,11101010011111010000111000100100,11101000011111010000111000100100,11101010011111010000111000100100,00000000000000000000000000000000,00000000000000000000000000000000,00000000000000000000000000000000,00000000000000000000000000000000,00000010000000000000000000000000,00000000000000000000000000000000,1
17_PRBS,43,11010100111110100001110001001001,11010100111110100001110001001001,11010000111110100001110001001001,11010100111110100001110001001001,11010100111110100001110001001001,11010100111110100001110001001001,00000000000000000000000000000000,00000000000000000000000000000000,00000100000000000000000000000000,00000000000000000000000000000000,00000000000000000000000000000000,00000000000000000000000000000000,1
17_PRBS,43,10001101001011101110011001010101,10001101001011101110011001010101,10001101001011101110011001010101,10001101001011101110011001010101,10001101001111101110011001010101,10001101001011101110011001010101,00000000000000000000000000000000,00000000000000000000000000000000,00000000000000000000000000000000,00000000000000000000000000000000,00000000000100000000000000000000,00000000000000000000000000000000,1
17_PRBS,43,00011110010001011001110101000111,00011110010001011001110101001111,00011110010001011001110101001111,00011110010001011001110101001111,00011110010001011001110101001111,00011110010001011001110101001111,00000000000000000000000000001000,00000000000000000000000000000000,00000000000000000000000000000000,00000000000000000000000000000000,00000000000000000000000000000000,00000000000000000000000000000000,1
17_PRBS,43,00001000001100001010001111001000,00001000001100001010001111001000,00001000001100001010001111001000,00001000001100001010001111001000,00001000001100001010001111001000,00001000001100001010001111001010,00000000000000000000000000000000,00000000000000000000000000000000,00000000000000000000000000000000,00000000000000000000000000000000,00000000000000000000000000000000,00000000000000000000000000000010,1
17_PRBS,43,01101101011011110110001101001011,01101101011011110100001101001011,01101101011011110110001101001011,01101101011011110110001101001011,01101101011011110110001101001011,01101101011011110110001101001011,00000000000000000000000000000000,00000000000000000010000000000000,00000000000000000000000000000000,00000000000000000000000000000000,00000000000000000000000000000000,00000000000000000000000000000000,1
17_PRBS,43,11101110011001010101111111000000,11101110011001010101111111000000,11101110011001010101111111000000,11101110011001010101111111000000,11101110011001010101111101000000,11101110011001010101111111000000,00000000000000000000000000000000,00000000000000000000000000000000,00000000000000000000000000000000,00000000000000000000000000000000,00000000000000000000000010000000,00000000000000000000000000000000,1
17_PRBS,43,00010010011011010110111101100011,00010010011011010110101101100011,00010010011011010110111101100011,00010010011011010110111101100011,00010010011011010110111101100011,00010010011011010110111101100011,00000000000000000000000000000000,00000000000000000000010000000000,00000000000000000000000000000000,00000000000000000000000000000000,00000000000000000000000000000000,00000000000000000000000000000000,1
17_PRBS,43,10100001110001001001101101011010,10100001110001001001101101011011,10100001110001001001101101011011,10100001110001001001101101011011,10100001110001001001101101011011,10100001110001001001101101011011,00000000000000000000000000000001,00000000000000000000000000000000,00000000000000000000000000000000,00000000000000000000000000000000,00000000000000000000000000000000,00000000000000000000000000000000,1
17_PRBS,43,10011011010110111101100111010010,10011011010110111101100011010010,10011011010110111101100011010010,10011011010110111101100011010010,10011011010110111101100011010010,10011011010110111101100011010010,00000000000000000000000100000000,00000000000000000000000000000000,00000000000000000000000000000000,00000000000000000000000000000000,00000000000000000000000000000000,00000000000000000000000000000000,1
18_PRBS,43,10011101010011111010000011000100,10011101010011111010000111000100,10011101010011111010000111000100,10011101010011111010000111000100,10011101010011111010000111000100,10011101010011111010000111000100,00000000000000000000000100000000,00000000000000000000000000000000,00000000000000000000000000000000,00000000000000000000000000000000,00000000000000000000000000000000,00000000000000000000000000000000,1
18_PRBS,43,00100010110011101010011111010000,00100010110011101010011111010000,00100010110011101010011111010000,00100010110011101010010111010000,00100010110011101010011111010000,00100010110011101010011111010000,00000000000000000000000000000000,00000000000000000000000000000000,00000000000000000000000000000000,00000000000000000000001000000000,00000000000000000000000000000000,00000000000000000000000000000000,1
18_PRBS,43,00011000010100011110010001011001,00011000010100011110010001011001,00011000010100011110010001011001,00011000010100011010010001011001,00011000010100011110010001011001,00011000010100011110010001011001,00000000000000000000000000000000,00000000000000000000000000000000,00000000000000000000000000000000,00000000000000000100000000000000,00000000000000000000000000000000,00000000000000000000000000000000,1
18_PRBS,43,10101111111000000100000110000111,10101111111000000100000110000101,10101111111000000100000110000101,10101111111000000100000110000101,10101111111000000100000110000101,10101111111000000100000110000101,00000000000000000000000000000010,00000000000000000000000000000000,00000000000000000000000000000000,00000000000000000000000000000000,00000000000000000000000000000000,00000000000000000000000000000000,1
18_PRBS,43,01010011111010000111000100100110,01010011111010000111000100100110,01010011111010000111000100100110,01010011111010000111000100100110,01010011111010000111000100101110,01010011111010000111000100100110,00000000000000000000000000000000,00000000000000000000000000000000,00000000000000000000000000000000,00000000000000000000000000000000,00000000000000000000000000001000,00000000000000000000000000000000,1
18_PRBS,43,10000111000100100110110101101111,10000111000100100110110101101111,10000111000100100110110101101111,10000111000100100110110101111111,10000111000100100110110101101111,10000111000100100110110101101111,00000000000000000000000000000000,00000000000000000000000000000000,00000000000000000000000000000000,00000000000000000000000000010000,00000000000000000000000000000000,00000000000000000000000000000000,1
18_PRBS,43,01001111101000011100010110011011,01001111101000011100010010011011,01001111101000011100010010011011,01001111101000011100010010011011,01001111101000011100010010011011,01001111101000011100010010011011,00000000000000000000000100000000,00000000000000000000000000000000,00000000000000000000000000000000,00000000000000000000000000000000,00000000000000000000000000000000,00000000000000000000000000000000,1
18_PRBS,43,00001100001010001111001000101100,00001100001010001111001000101100,00001100001010001111001000101100,00001100001010001111001000101100,00001100001010001111001000101100,00001100101010001111001000101100,00000000000000000000000000000000,00000000000000000000000000000000,00000000000000000000000000000000,00000000000000000000000000000000,00000000000000000000000000000000,00000000100000000000000000000000,1
18_PRBS,43,00001110001001001101101011011110,00001110001001001101101011010110,00001110001001001101101011011110,00001110001001001101101011011110,00001110001001001101101011011110,00001110001001001101101011011110,00000000000000000000000000000000,00000000000000000000000000001000,00000000000000000000000000000000,00000000000000000000000000000000,00000000000000000000000000000000,00000000000000000000000000000000,1
18_PRBS,43,10001111001000101100011010100111,10001111001000101100111010100111,10001111001000101100111010100111,10001111001000101100111010100111,10001111001000101100111010100111,10001111001000101100111010100111,00000000000000000000100000000000,00000000000000000000000000000000,00000000000000000000000000000000,00000000000000000000000000000000,00000000000000000000000000000000,00000000000000000000000000000000,1
18_PRBS,43,10000001000001100001010001111001,10000001000001100001010001111001,10000001000001100001010001111001,10000001000001100001010101111001,10000001000001100001010001111001,10000001000001100001010001111001,00000000000000000000000000000000,00000000000000000000000000000000,00000000000000000000000000000000,00000000000000000000000100000000,00000000000000000000000000000000,00000000000000000000000000000000,1
18_PRBS,43,01100011010010111011100110010101,01100011010010111011100110010101,01100011010010111011100110010101,01100011010010111011100110000101,01100011010010111011100110010101,01100011010010111011100110010101,00000000000000000000000000000000,00000000000000000000000000000000,00000000000000000000000000000000,00000000000000000000000000010000,00000000000000000000000000000000,00000000000000000000000000000000,1
18_PRBS,43,11000000100000110000101000111100,11000000100000110000101000111100,11000000100000110000101000111100,11000000100000110000101000111100,11000000100000110000100000111100,11000000100000110000101000111100,00000000000000000000000000000000,00000000000000000000000000000000,00000000000000000000000000000000,00000000000000000000000000000000,00000000000000000000001000000000,00000000000000000000000000000000,1
18_PRBS,43,00111100100010110011101010011111,00111100100010110011101010011111,00111100100010110011111010011111,00111100100010110011101010011111,00111100100010110011101010011111,00111100100010110011101010011111,00000000000000000000000000000000,00000000000000000000000000000000,00000000000000000000010000000000,00000000000000000000000000000000,00000000000000000000000000000000,00000000000000000000000000000000,1
18_PRBS,43,10011111010000111000100100110110,10011111010000111000100100110110,10011111010000110000100100110110,10011111010000111000100100110110,10011111010000111000100100110110,10011111010000111000100100110110,00000000000000000000000000000000,00000000000000000000000000000000,00000000000000001000000000000000,00000000000000000000000000000000,00000000000000000000000000000000,00000000000000000000000000000000,1
18_PRBS,43,00101000111100100010110011101010,00101000111000100010110011101010,00101000111100100010110011101010,00101000111100100010110011101010,00101000111100100010110011101010,00101000111100100010110011101010,00000000000000000000000000000000,00000000000100000000000000000000,00000000000000000000000000000000,00000000000000000000000000000000,00000000000000000000000000000000,00000000000000000000000000000000,1
19_PRBS,43,01001011101110011001010101111111,01001011101111011001010101111111,01001011101110011001010101111111,01001011101110011001010101111111,01001011101110011001010101111111,01001011101110011001010101111111,00000000000000000000000000000000,00000000000001000000000000000000,00000000000000000000000000000000,00000000000000000000000000000000,00000000000000000000000000000000,00000000000000000000000000000000,1
19_PRBS,43,11110000001000001100001010001111,11110000001000001100001010001111,11110000001000001100001010001111,11110000001000001100001010001111,11100000001000001100001010001111,11110000001000001100001010001111,00000000000000000000000000000000,00000000000000000000000000000000,00000000000000000000000000000000,00000000000000000000000000000000,00010000000000000000000000000000,00000000000000000000000000000000,1
19_PRBS,43,00001000001100001010001111001000,00001000001100001010001111001000,00001000001100001010001110001000,00001000001100001010001111001000,00001000001100001010001111001000,00001000001100001010001111001000,00000000000000000000000000000000,00000000000000000000000000000000,00000000000000000000000001000000,00000000000000000000000000000000,00000000000000000000000000000000,00000000000000000000000000000000,1
19_PRBS,43,00110010101011111110000001000001,00110010101011111110000001000001,00110010101011111110000001000001,00110010101011111110000000000001,00110010101011111110000001000001,00110010101011111110000001000001,00000000000000000000000000000000,00000000000000000000000000000000,00000000000000000000000000000000,00000000000000000000000001000000,00000000000000000000000000000000,00000000000000000000000000000000,1
19_PRBS,43,01010101111111000000100000110100,01010101111111000000100000110000,01010101111111000000100000110000,01010101111111000000100000110000,01010101111111000000100000110000,01010101111111000000100000110000,00000000000000000000000000000100,00000000000000000000000000000000,00000000000000000000000000000000,00000000000000000000000000000000,00000000000000000000000000000000,00000000000000000000000000000000,1
19_PRBS,43,11000000100000110000101000111100,11000000100000110000101000111100,11000000100000110000101000111110,11000000100000110000101000111100,11000000100000110000101000111100,11000000100000110000101000111100,00000000000000000000000000000000,00000000000000000000000000000000,00000000000000000000000000000010,00000000000000000000000000000000,00000000000000000000000000000000,00000000000000000000000000000000,1
19_PRBS,43,01001111101000011100110010011011,01001111101000011100010010011011,01001111101000011100010010011011,01001111101000011100010010011011,01001111101000011100010010011011,01001111101000011100010010011011,00000000000000000000100000000000,00000000000000000000000000000000,00000000000000000000000000000000,00000000000000000000000000000000,00000000000000000000000000000000,00000000000000000000000000000000,1
19_PRBS,43,00010110011101010011111010000111,00010110011001010011111010000111,00010110011101010011111010000111,00010110011101010011111010000111,00010110011101010011111010000111,00010110011101010011111010000111,00000000000000000000000000000000,00000000000100000000000000000000,00000000000000000000000000000000,00000000000000000000000000000000,00000000000000000000000000000000,00000000000000000000000000000000,1
19_PRBS,43,01001111101000011100010010011011,01001111101000011100010010011011,01001111101000011100010010011011,01001111101000011100010010011001,01001111101000011100010010011011,01001111101000011100010010011011,00000000000000000000000000000000,00000000000000000000000000000000,00000000000000000000000000000000,00000000000000000000000000000010,00000000000000000000000000000000,00000000000000000000000000000000,1
19_PRBS,43,11001000101100111010100111110100,11001000101100111010100111110100,11001000101100111010100111110100,11001000101100111010100111110100,11001000101100111010100111110100,11001000100100111010100111110100,00000000000000000000000000000000,00000000000000000000000000000000,00000000000000000000000000000000,00000000000000000000000000000000,00000000000000000000000000000000,00000000001000000000000000000000,1
19_PRBS,43,00100000110000101000111100100010,00100000110000101000111100100010,00100000110000101000111100100010,00100000110000101000111100100010,00100000110000101000110100100010,00100000110000101000111100100010,00000000000000000000000000000000,00000000000000000000000000000000,00000000000000000000000000000000,00000000000000000000000000000000,00000000000000000000001000000000,00000000000000000000000000000000,1
19_PRBS,43,11000000100000110000101000111100,11000000100000110000101000111100,11000000100000110000101000111100,11000000100000110000101000111100,11001000100000110000101000111100,11000000100000110000101000111100,00000000000000000000000000000000,00000000000000000000000000000000,00000000000000000000000000000000,00000000000000000000000000000000,00001000000000000000000000000000,00000000000000000000000000000000,1
19_PRBS,43,11100000010000011000010100011110,11100000010000011000010100011110,11100000010000011000010100011110,11100000010000011000010100011110,11100000010000011000010100011110,11100000010000011000011100011110,00000000000000000000000000000000,00000000000000000000000000000000,00000000000000000000000000000000,00000000000000000000000000000000,00000000000000000000000000000000,00000000000000000000001000000000,1
22_PRBS,43,11101000011100010010011011010110,11101000011100010010011011010110,11101000011100010010011011010110,11101000011100010010011011010110,11101000011100010010011011010110,11101000011100010010001011010110,00000000000000000000000000000000,00000000000000000000000000000000,00000000000000000000000000000000,00000000000000000000000000000000,00000000000000000000000000000000,00000000000000000000010000000000,1
22_PRBS,43,11100110010101011110110000001000,11100110010101011111110000001000,11100110010101011111110000001000,11100110010101011111110000001000,11100110010101011111110000001000,11100110010101011111110000001000,00000000000000000001000000000000,00000000000000000000000000000000,00000000000000000000000000000000,00000000000000000000000000000000,00000000000000000000000000000000,00000000000000000000000000000000,1
22_PRBS,43,00000110000101000111100100010110,00000110000101000111100100010110,00000110000101000110100100010110,00000110000101000111100100010110,00000110000101000111100100010110,00000110000101000111100100010110,00000000000000000000000000000000,00000000000000000000000000000000,00000000000000000001000000000000,00000000000000000000000000000000,00000000000000000000000000000000,00000000000000000000000000000000,1
